{"mean":{"confidence_interval":{"confidence_level":0.95,"lower_bound":532.1558020202723,"upper_bound":537.115665745169},"point_estimate":534.5533099993531,"standard_error":1.2628915409134631},"median":{"confidence_interval":{"confidence_level":0.95,"lower_bound":530.7255758644648,"upper_bound":535.6197084662264},"point_estimate":532.4858057701194,"standard_error":1.3298724194381284},"median_abs_dev":{"confidence_interval":{"confidence_level":0.95,"lower_bound":7.601665046267432,"upper_bound":13.030038961346637},"point_estimate":9.955302828832753,"standard_error":1.3086110671199265},"slope":{"confidence_interval":{"confidence_level":0.95,"lower_bound":535.0442247563881,"upper_bound":541.8741300144783},"point_estimate":538.312822658717,"standard_error":1.7404704132982},"std_dev":{"confidence_interval":{"confidence_level":0.95,"lower_bound":9.426413795608727,"upper_bound":15.832626775443789},"point_estimate":12.717605718458316,"standard_error":1.6547323672204417}}